{"1":0,"2":2.608932,"3":5.217864,"4":7.826796,"5":10.43573,"6":13.04466,"7":15.65359,"8":18.26252,"9":20.87146,"10":23.48039,"11":26.08932,"12":28.69825,"13":31.30718,"14":33.91611,"15":36.52505,"16":39.13398,"17":41.74291,"18":44.35184,"19":46.96078,"20":49.56971,"21":52.17864,"22":54.78757,"23":57.3965,"24":60.00544,"25":62.61437,"26":65.2233,"27":67.83223,"28":70.44116,"29":73.05009,"30":75.65903,"31":78.26796,"32":80.87689,"33":83.48582,"34":86.09476,"35":88.70369,"36":91.31262,"37":93.92155,"38":96.53049,"39":99.13942,"40":101.7483,"41":104.3573,"42":106.9662,"43":109.5751,"44":112.1841,"45":114.793,"46":117.4019,"47":120.0109,"48":122.6198,"49":125.2287,"50":127.8377,"51":130.4466,"52":133.0555,"53":135.6645,"54":138.2734,"55":140.8823,"56":143.4913,"57":146.1002,"58":148.7091,"59":151.3181,"60":153.927,"61":156.5359,"62":159.1449,"63":161.7538,"64":164.3627}