{"1":0,"2":4.800006,"3":9.600012,"4":16.54231,"5":19.74232,"6":22.94232,"7":26.14233,"8":29.34233,"9":32.54234,"10":35.74234,"11":38.94234,"12":42.14235,"13":45.34235,"14":48.54235,"15":51.74236,"16":54.94236,"17":58.14237,"18":61.34237,"19":64.54237,"20":67.74238,"21":70.94238,"22":74.14239,"23":77.34239,"24":80.5424,"25":83.7424,"26":86.94241,"27":90.14241,"28":93.34241,"29":96.75631,"30":101.5582,"31":104.7582,"32":107.9582,"33":111.1582}