{"1":0,"2":2.264248,"3":4.528496,"4":7.040381,"5":10.43725,"6":12.7015,"7":14.96575,"8":17.23,"9":19.49425,"10":21.75849,"11":24.02274,"12":26.28699,"13":28.55124,"14":30.81549,"15":33.07973,"16":35.34398,"17":37.60823,"18":39.87248,"19":42.13673,"20":44.40097,"21":46.66522,"22":48.92947,"23":51.19372,"24":53.45797,"25":55.72221,"26":57.98646,"27":60.25071,"28":62.51496,"29":64.77921,"30":67.04345,"31":69.3077}